﻿<mockup version="5.3" minAllowVersion="5.3" ID="FC52A840-23EC-4501-A05F-FB8971715174" platform="MtPad" defaultW="800" defaultH="1280" measureW="800" measureH="1280" screenOrientation="MoPortrait" mobileScreenScale="0" clipArea="(0,0,0,0)">
  <controls controlCount="14">
    <control controlID="75191293-06C5-4196-BBF0-DE064D4AFCE1" controlTypeID="GroupBox" x="237" y="452" w="350" h="102" zOrder="0">
      <font family="Segoe+UI" displayName="Segoe+UI" postScript="" weightStyle="Regular" weight="400" isBold="False" isItalic="False"/>
      <text>Comments</text>
      <textSize>14</textSize>
      <textVAlign>VaTop</textVAlign>
      <lineSpacing>0</lineSpacing>
      <selectedIndex>-1</selectedIndex>
    </control>
    <control controlID="9B38D3BE-FFB7-40C1-AF1D-37784938E26B" controlTypeID="GroupBox" x="237" y="144" w="350" h="298" zOrder="1">
      <caption>Inspection+Details</caption>
      <isCommentCom>True</isCommentCom>
      <font family="Segoe+UI" displayName="Segoe+UI" postScript="" weightStyle="Regular" weight="400" isBold="False" isItalic="False"/>
      <text>Inspection+Details</text>
      <textSize>14</textSize>
      <textVAlign>VaTop</textVAlign>
      <lineSpacing>0</lineSpacing>
      <selectedIndex>-1</selectedIndex>
    </control>
    <control controlID="A349FE32-3EB8-4C40-B757-946EB78D9A4E" controlTypeID="GroupBox" x="236" y="29" w="351" h="102" zOrder="2">
      <caption>Truck+Info</caption>
      <isCommentCom>True</isCommentCom>
      <font family="Segoe+UI" displayName="Segoe+UI" postScript="" weightStyle="Regular" weight="400" isBold="False" isItalic="False"/>
      <text>Truck+Info</text>
      <textSize>14</textSize>
      <textVAlign>VaTop</textVAlign>
      <lineSpacing>0</lineSpacing>
      <selectedIndex>-1</selectedIndex>
    </control>
    <control controlID="C01A24EA-58C9-4003-988B-64D022B571EC" controlTypeID="Accordion" x="249" y="169" w="328" h="263" zOrder="3">
      <isCommentCom>True</isCommentCom>
      <verticalScrollbarShow>True</verticalScrollbarShow>
      <font family="Segoe+UI" displayName="Segoe+UI" postScript="" weightStyle="Regular" weight="400" isBold="False" isItalic="False"/>
      <text>General%0D%0ALights+%0D%0AFluids</text>
      <textSize>14</textSize>
      <lineSpacing>0</lineSpacing>
    </control>
    <control controlID="CFB996AD-C225-490D-831F-B55CE400A7B8" controlTypeID="CheckBoxGroup" x="260" y="212" w="150" h="128" zOrder="4">
      <isCommentCom>True</isCommentCom>
      <font family="Segoe+UI" displayName="Segoe+UI" postScript="" weightStyle="Regular" weight="400" isBold="False" isItalic="False"/>
      <text>%5B%5DMirrors%0D%0A%5Bx%5DFront+Tires%0D%0A%5B%5DRear+Tires</text>
      <lineSpacing>0</lineSpacing>
      <size>15</size>
      <itemHeight>36</itemHeight>
      <itemRect>[{"left":0,"top":0,"right":150,"bottom":36},{"left":0,"top":46,"right":150,"bottom":82},{"left":0,"top":92,"right":150,"bottom":128}]</itemRect>
    </control>
    <control controlID="CC9E2548-B5F1-4F94-A041-8319C2F965ED" controlTypeID="CompositeComboBox" x="343" y="51" w="200" h="29" zOrder="5">
      <caption>TruckNumber+DropDownList</caption>
      <isCommentCom>True</isCommentCom>
      <groupChildrenDescriptors>
        <control controlID="4DF2B2A6-845C-4993-8342-CAEEDC97A55A" controlTypeID="TextInput" x="0" y="0" w="177" h="29" zOrder="0">
          <locked>True</locked>
          <canMove>False</canMove>
          <alias>input</alias>
          <font family="Segoe+UI" displayName="Segoe+UI" postScript="" weightStyle="Regular" weight="400" isBold="False" isItalic="False"/>
          <text>30</text>
          <lineSpacing>0</lineSpacing>
          <selectedIndex>-1</selectedIndex>
        </control>
        <control controlID="98B2A69B-C99B-41CA-87CB-84CBBEDB382B" controlTypeID="Button" x="176" y="0" w="24" h="29" zOrder="1">
          <locked>True</locked>
          <canMove>False</canMove>
          <alias>button</alias>
          <font family="Segoe+UI" displayName="Segoe+UI" postScript="" weightStyle="Regular" weight="400" isBold="False" isItalic="False"/>
          <lineSpacing>0</lineSpacing>
          <selectedIndex>-1</selectedIndex>
          <radius>0</radius>
        </control>
        <control controlID="C8629DE5-35DD-4318-B3AA-74B190C65F1D" controlTypeID="List" x="0" y="29" w="200" h="158" zOrder="2">
          <isShow>False</isShow>
          <canMove>False</canMove>
          <alias>dropDown</alias>
          <font family="Segoe+UI" displayName="Segoe+UI" postScript="" weightStyle="Regular" weight="400" isBold="False" isItalic="False"/>
          <text>30%0D%0A37%0D%0A38%0D%0A39</text>
          <textSize>14</textSize>
          <lineSpacing>0</lineSpacing>
          <itemHeight>29</itemHeight>
          <interlaceColor>4294967295</interlaceColor>
        </control>
      </groupChildrenDescriptors>
      <baseHeight>29</baseHeight>
      <font family="Segoe+UI"/>
      <textSize>14</textSize>
    </control>
    <control controlID="B65FA017-0E4A-4914-924D-2C343DE49BA1" controlTypeID="TextInput" x="343" y="88" w="150" h="29" zOrder="6">
      <isCommentCom>True</isCommentCom>
      <font family="Segoe+UI" displayName="Segoe+UI" postScript="" weightStyle="Regular" weight="400" isBold="False" isItalic="False"/>
      <lineSpacing>0</lineSpacing>
      <selectedIndex>-1</selectedIndex>
      <placeHolder>Current+Truck+Mileage</placeHolder>
      <inputModel>emNumber</inputModel>
    </control>
    <control controlID="CD7A4981-A926-4D6A-9069-8CFDA9765E9B" controlTypeID="TextArea" x="244" y="480" w="333" h="66" zOrder="7">
      <isCommentCom>True</isCommentCom>
      <font family="Segoe+UI" displayName="Segoe+UI" postScript="" weightStyle="Regular" weight="400" isBold="False" isItalic="False"/>
      <text>Nunc+a+sagittis+elit%2C+eget+vehicula+ligula.+Etiam+consequat+tristique+metus%2C+maximus+condimentum+tellus+varius+nec.+Nullam+eget+urna+eu+risus+condimentum+semper.+Donec+dictum+felis+ut+efficitur+aliquam.+Curabitur+sollicitudin+ligula+sit+amet+euismod+imperdiet.+Etiam+lobortis+vitae+turpis+euismod+gravida.+Integer+sit+amet+lectus+nec+mauris+ullamcorper+faucibus.+Cras+magna+turpis%2C+varius+vel+vestibulum+id%2C+aliquam+ac+felis.+Pellentesque+habitant+morbi+tristique+senectus+et+netus+et+malesuada+fames+ac+turpis+egestas.+Pellentesque+vel+finibus+odio.+Nulla+maximus+metus+accumsan+enim+auctor+consectetur.+Integer+a+magna+eget+ipsum+tincidunt+congue+a+vel+ex.+Pellentesque+vulputate%2C+mauris+fermentum+finibus+lobortis%2C+orci+dui+dignissim+elit%2C+consectetur+viverra+ligula+justo+non+est.+Nam+fringilla+dictum+nibh+eu+lacinia.%0D%0A</text>
      <selectedIndex>-1</selectedIndex>
    </control>
    <control controlID="F8733E01-6A98-4ED2-A857-F74B266B0D31" controlTypeID="Button" x="366" y="576" w="85" h="32" zOrder="8">
      <font family="Segoe+UI" displayName="Segoe+UI" postScript="" weightStyle="Regular" weight="400" isBold="False" isItalic="False"/>
      <text>Report</text>
      <lineSpacing>0</lineSpacing>
      <selectedIndex>-1</selectedIndex>
    </control>
    <control controlID="6E8381D5-2DD4-4936-9054-8B6B7B8F9A78" controlTypeID="Label" x="245" y="55" w="88" h="19" zOrder="9">
      <caption>TruckNumber+Label</caption>
      <isCommentCom>True</isCommentCom>
      <font family="Segoe+UI" displayName="Segoe+UI" postScript="" weightStyle="Regular" weight="400" isBold="False" isItalic="False"/>
      <text>Truck+Number</text>
      <lineSpacing>0</lineSpacing>
      <selectedIndex>-1</selectedIndex>
    </control>
    <control controlID="CD09F95A-1853-4DF5-A8B8-FED6CD3445FA" controlTypeID="Label" x="245" y="93" w="49" h="19" zOrder="10">
      <isCommentCom>True</isCommentCom>
      <font family="Segoe+UI" displayName="Segoe+UI" postScript="" weightStyle="Regular" weight="400" isBold="False" isItalic="False"/>
      <text>Mileage+</text>
      <lineSpacing>0</lineSpacing>
      <selectedIndex>-1</selectedIndex>
    </control>
  </controls>
  <param>
    <backgroundColor>4294967295</backgroundColor>
    <fontSize>0</fontSize>
    <fontFamily/>
    <guideLines/>
  </param>
</mockup>